{"cameraMode":{"drawMode":0,"name":"Shaded","section":"Shading Mode"},"sceneLighting":false,"audioPlay":false,"sceneViewState":{"showFog":true,"showMaterialUpdate":false,"showSkybox":true,"showFlares":true,"showImageEffects":true,"showParticleSystems":true},"in2DMode":false,"pivot":{"x":1529.6156005859375,"y":140.783935546875,"z":0.0},"rotation":{"x":-0.21724574267864228,"y":-0.05209897458553314,"z":0.011612623929977417,"w":-0.9746564030647278},"size":1280.5167236328125,"orthographic":false}