{"cameraMode":{"drawMode":0,"name":"Shaded","section":"Shading Mode"},"sceneLighting":false,"audioPlay":false,"sceneViewState":{"showFog":true,"showMaterialUpdate":false,"showSkybox":true,"showFlares":true,"showImageEffects":true,"showParticleSystems":true},"in2DMode":false,"pivot":{"x":0.6579816341400147,"y":-4.868165493011475,"z":-1.6625747680664063},"rotation":{"x":-0.40741467475891116,"y":0.11647173017263413,"z":-0.052476026117801669,"w":-0.9042642712593079},"size":17.03150177001953,"orthographic":false}