{"cameraMode":{"drawMode":0,"name":"Shaded","section":"Shading Mode"},"sceneLighting":false,"audioPlay":false,"sceneViewState":{"showFog":true,"showMaterialUpdate":false,"showSkybox":true,"showFlares":true,"showImageEffects":true,"showParticleSystems":true},"in2DMode":false,"pivot":{"x":5.7816362380981449,"y":-3.2646827697753908,"z":0.6555657386779785},"rotation":{"x":-0.29633066058158877,"y":0.2906269133090973,"z":-0.09518337994813919,"w":-0.9048007130622864},"size":22.0,"orthographic":true}